<?xml version='1.0' encoding='utf-8'?>
<!DOCTYPE hibernate-configuration PUBLIC
        "-//Hibernate/Hibernate Configuration DTD 3.0//EN"
        "http://hibernate.sourceforge.net/hibernate-configuration-3.0.dtd">

<hibernate-configuration>

     <session-factory>

     <mapping class="org.capstore.domain.Category" />
      <mapping class="org.capstore.domain.sub_category" />
       <mapping class="org.capstore.domain.product" />
        <mapping class="org.capstore.domain.images_furnitures" />
          <mapping class="org.capstore.domain.coupon" />
          <mapping class="org.capstore.domain.Images_Electronics" />
           <mapping class="org.capstore.domain.Discount" />
             <mapping class="org.capstore.domain.chat" />
        
        
  
    </session-factory>

</hibernate-configuration>
